"Domain: blocksworld <GOAL> on b1 b9, on b2 b1, on b3 b5, on b4 b8, on b6 b10, on b9 b6, on b10 b3 <INIT> arm-empty, on b1 b10, on b2 b8, on-table b3, on b4 b9, on b5 b4, on b6 b3, on-table b7, on b8 b6, on b9 b7, on b10 b5, clear b1, clear b2 <ACTION> pickup <PRE> clear ob, on-table ob, arm-empty <EFFECT> holding ob, not clear ob, not on-table ob, not arm-empty <ACTION> putdown <PRE> holding ob <EFFECT> clear ob, arm-empty, on-table ob, not holding ob <ACTION> stack <PRE> clear underob, holding ob <EFFECT> arm-empty, clear ob, on ob underob, not clear underob, not holding ob <ACTION> unstack <PRE> on ob underob, clear ob, arm-empty <EFFECT> holding ob, clear underob, not on ob underob, not clear ob, not arm-empty ", "unstack b1 b10,putdown b1,unstack b10 b5,stack b10 b1,unstack b5 b4,putdown b5,unstack b2 b8,putdown b2,unstack b8 b6,putdown b8,unstack b4 b9,stack b4 b8,unstack b6 b3,stack b6 b2,pickup b3,stack b3 b5,unstack b10 b1,stack b10 b3,unstack b6 b2,stack b6 b10,unstack b9 b7,stack b9 b6,pickup b1,stack b1 b9,pickup b2,stack b2 b1"
"Domain: blocksworld <GOAL> on b2 b10, on b3 b5, on b4 b1, on b6 b4, on b7 b6, on b8 b3, on b9 b8 <INIT> arm-empty, on b1 b6, on b2 b3, on b3 b5, on-table b4, on b5 b1, on-table b6, on-table b7, on b8 b4, on b9 b8, on b10 b2, clear b7, clear b9, clear b10 <ACTION> pickup <PRE> clear ob, on-table ob, arm-empty <EFFECT> holding ob, not clear ob, not on-table ob, not arm-empty <ACTION> putdown <PRE> holding ob <EFFECT> clear ob, arm-empty, on-table ob, not holding ob <ACTION> stack <PRE> clear underob, holding ob <EFFECT> arm-empty, clear ob, on ob underob, not clear underob, not holding ob <ACTION> unstack <PRE> on ob underob, clear ob, arm-empty <EFFECT> holding ob, clear underob, not on ob underob, not clear ob, not arm-empty ", "unstack b10 b2,putdown b10,unstack b2 b3,stack b2 b10,unstack b3 b5,stack b3 b2,unstack b5 b1,putdown b5,unstack b1 b6,putdown b1,unstack b3 b2,stack b3 b5,unstack b9 b8,stack b9 b1,unstack b8 b4,stack b8 b3,unstack b9 b1,stack b9 b8,pickup b4,stack b4 b1,pickup b6,stack b6 b4,pickup b7,stack b7 b6"
"Domain: blocksworld <GOAL> on b1 b4, on b3 b5, on b4 b6, on b6 b2, on b7 b8, on b9 b1, on b10 b9 <INIT> arm-empty, on-table b1, on b2 b4, on b3 b8, on b4 b9, on b5 b2, on b6 b3, on b7 b5, on-table b8, on b9 b6, on b10 b7, clear b1, clear b10 <ACTION> pickup <PRE> clear ob, on-table ob, arm-empty <EFFECT> holding ob, not clear ob, not on-table ob, not arm-empty <ACTION> putdown <PRE> holding ob <EFFECT> clear ob, arm-empty, on-table ob, not holding ob <ACTION> stack <PRE> clear underob, holding ob <EFFECT> arm-empty, clear ob, on ob underob, not clear underob, not holding ob <ACTION> unstack <PRE> on ob underob, clear ob, arm-empty <EFFECT> holding ob, clear underob, not on ob underob, not clear ob, not arm-empty ", "unstack b10 b7,putdown b10,unstack b7 b5,stack b7 b1,unstack b5 b2,putdown b5,unstack b2 b4,putdown b2,unstack b4 b9,stack b4 b5,unstack b9 b6,stack b9 b10,unstack b6 b3,stack b6 b2,unstack b4 b5,stack b4 b6,unstack b3 b8,stack b3 b5,unstack b7 b1,stack b7 b8,pickup b1,stack b1 b4,unstack b9 b10,stack b9 b1,pickup b10,stack b10 b9"
"Domain: blocksworld <GOAL> on b3 b5, on b5 b2, on b6 b10, on b7 b6, on b10 b8 <INIT> arm-empty, on b1 b9, on b2 b5, on b3 b4, on-table b4, on b5 b6, on b6 b3, on b7 b8, on b8 b10, on b9 b7, on b10 b2, clear b1 <ACTION> pickup <PRE> clear ob, on-table ob, arm-empty <EFFECT> holding ob, not clear ob, not on-table ob, not arm-empty <ACTION> putdown <PRE> holding ob <EFFECT> clear ob, arm-empty, on-table ob, not holding ob <ACTION> stack <PRE> clear underob, holding ob <EFFECT> arm-empty, clear ob, on ob underob, not clear underob, not holding ob <ACTION> unstack <PRE> on ob underob, clear ob, arm-empty <EFFECT> holding ob, clear underob, not on ob underob, not clear ob, not arm-empty ", "unstack b1 b9,putdown b1,unstack b9 b7,putdown b9,unstack b7 b8,stack b7 b1,unstack b8 b10,putdown b8,unstack b10 b2,stack b10 b8,unstack b2 b5,putdown b2,unstack b5 b6,stack b5 b2,unstack b6 b3,stack b6 b10,unstack b3 b4,stack b3 b5,unstack b7 b1,stack b7 b6"
"Domain: blocksworld <GOAL> on b2 b1, on b3 b10, on b7 b9, on b9 b2, on b10 b6 <INIT> arm-empty, on b1 b7, on-table b2, on-table b3, on b4 b6, on b5 b3, on b6 b10, on-table b7, on-table b8, on-table b9, on b10 b9, clear b1, clear b2, clear b4, clear b5, clear b8 <ACTION> pickup <PRE> clear ob, on-table ob, arm-empty <EFFECT> holding ob, not clear ob, not on-table ob, not arm-empty <ACTION> putdown <PRE> holding ob <EFFECT> clear ob, arm-empty, on-table ob, not holding ob <ACTION> stack <PRE> clear underob, holding ob <EFFECT> arm-empty, clear ob, on ob underob, not clear underob, not holding ob <ACTION> unstack <PRE> on ob underob, clear ob, arm-empty <EFFECT> holding ob, clear underob, not on ob underob, not clear ob, not arm-empty ", "unstack b1 b7,putdown b1,unstack b4 b6,putdown b4,unstack b5 b3,putdown b5,unstack b6 b10,putdown b6,unstack b10 b9,stack b10 b6,pickup b2,stack b2 b1,pickup b3,stack b3 b10,pickup b9,stack b9 b2,pickup b7,stack b7 b9"
"Domain: blocksworld <GOAL> on b2 b6, on b3 b5, on b6 b7, on b7 b10, on b8 b1, on b9 b4, on b10 b9 <INIT> arm-empty, on b1 b9, on-table b2, on b3 b2, on b4 b1, on-table b5, on-table b6, on b7 b6, on b8 b4, on-table b9, on b10 b3, clear b5, clear b7, clear b8, clear b10 <ACTION> pickup <PRE> clear ob, on-table ob, arm-empty <EFFECT> holding ob, not clear ob, not on-table ob, not arm-empty <ACTION> putdown <PRE> holding ob <EFFECT> clear ob, arm-empty, on-table ob, not holding ob <ACTION> stack <PRE> clear underob, holding ob <EFFECT> arm-empty, clear ob, on ob underob, not clear underob, not holding ob <ACTION> unstack <PRE> on ob underob, clear ob, arm-empty <EFFECT> holding ob, clear underob, not on ob underob, not clear ob, not arm-empty ", "unstack b8 b4,stack b8 b5,unstack b4 b1,putdown b4,unstack b1 b9,putdown b1,unstack b8 b5,stack b8 b1,pickup b9,stack b9 b4,unstack b10 b3,stack b10 b9,unstack b3 b2,stack b3 b5,unstack b7 b6,stack b7 b10,pickup b6,stack b6 b7,pickup b2,stack b2 b6"
"Domain: blocksworld <GOAL> on b2 b4, on b4 b9, on b5 b2, on b8 b7, on b9 b3, on b10 b8 <INIT> arm-empty, on b1 b9, on-table b2, on b3 b6, on b4 b5, on b5 b7, on b6 b4, on-table b7, on b8 b1, on b9 b10, on-table b10, clear b2, clear b3, clear b8 <ACTION> pickup <PRE> clear ob, on-table ob, arm-empty <EFFECT> holding ob, not clear ob, not on-table ob, not arm-empty <ACTION> putdown <PRE> holding ob <EFFECT> clear ob, arm-empty, on-table ob, not holding ob <ACTION> stack <PRE> clear underob, holding ob <EFFECT> arm-empty, clear ob, on ob underob, not clear underob, not holding ob <ACTION> unstack <PRE> on ob underob, clear ob, arm-empty <EFFECT> holding ob, clear underob, not on ob underob, not clear ob, not arm-empty ", "unstack b3 b6,putdown b3,unstack b6 b4,putdown b6,unstack b8 b1,stack b8 b6,unstack b1 b9,putdown b1,unstack b9 b10,stack b9 b3,unstack b4 b5,stack b4 b9,pickup b2,stack b2 b4,unstack b5 b7,stack b5 b2,unstack b8 b6,stack b8 b7,pickup b10,stack b10 b8"
"Domain: blocksworld <GOAL> on b2 b10, on b3 b9, on b4 b1, on b5 b8, on b8 b7, on b9 b5, on b10 b6 <INIT> arm-empty, on b1 b3, on-table b2, on b3 b10, on b4 b7, on b5 b4, on-table b6, on b7 b1, on b8 b2, on-table b9, on b10 b6, clear b5, clear b8, clear b9 <ACTION> pickup <PRE> clear ob, on-table ob, arm-empty <EFFECT> holding ob, not clear ob, not on-table ob, not arm-empty <ACTION> putdown <PRE> holding ob <EFFECT> clear ob, arm-empty, on-table ob, not holding ob <ACTION> stack <PRE> clear underob, holding ob <EFFECT> arm-empty, clear ob, on ob underob, not clear underob, not holding ob <ACTION> unstack <PRE> on ob underob, clear ob, arm-empty <EFFECT> holding ob, clear underob, not on ob underob, not clear ob, not arm-empty ", "unstack b5 b4,stack b5 b9,unstack b4 b7,stack b4 b5,unstack b7 b1,putdown b7,unstack b1 b3,putdown b1,unstack b4 b5,stack b4 b1,unstack b8 b2,stack b8 b7,unstack b5 b9,stack b5 b8,pickup b9,stack b9 b5,unstack b3 b10,stack b3 b9,pickup b2,stack b2 b10"
"Domain: blocksworld <GOAL> on b2 b8, on b3 b1, on b4 b10, on b5 b9, on b7 b3, on b8 b6, on b9 b7, on b10 b2 <INIT> arm-empty, on b1 b2, on-table b2, on b3 b6, on b4 b3, on b5 b4, on b6 b10, on-table b7, on b8 b9, on b9 b5, on b10 b1, clear b7, clear b8 <ACTION> pickup <PRE> clear ob, on-table ob, arm-empty <EFFECT> holding ob, not clear ob, not on-table ob, not arm-empty <ACTION> putdown <PRE> holding ob <EFFECT> clear ob, arm-empty, on-table ob, not holding ob <ACTION> stack <PRE> clear underob, holding ob <EFFECT> arm-empty, clear ob, on ob underob, not clear underob, not holding ob <ACTION> unstack <PRE> on ob underob, clear ob, arm-empty <EFFECT> holding ob, clear underob, not on ob underob, not clear ob, not arm-empty ", "unstack b8 b9,stack b8 b7,unstack b9 b5,putdown b9,unstack b5 b4,putdown b5,unstack b4 b3,stack b4 b5,unstack b3 b6,stack b3 b4,unstack b6 b10,putdown b6,unstack b10 b1,stack b10 b3,unstack b1 b2,putdown b1,unstack b8 b7,stack b8 b6,pickup b2,stack b2 b8,unstack b10 b3,stack b10 b2,unstack b3 b4,stack b3 b1,unstack b4 b5,stack b4 b10,pickup b7,stack b7 b3,pickup b9,stack b9 b7,pickup b5,stack b5 b9"
"Domain: blocksworld <GOAL> on b1 b7, on b2 b4, on b6 b5, on b7 b2, on b8 b3, on b10 b9 <INIT> arm-empty, on b1 b3, on b2 b9, on b3 b6, on-table b4, on-table b5, on b6 b4, on b7 b10, on b8 b7, on-table b9, on b10 b5, clear b1, clear b2, clear b8 <ACTION> pickup <PRE> clear ob, on-table ob, arm-empty <EFFECT> holding ob, not clear ob, not on-table ob, not arm-empty <ACTION> putdown <PRE> holding ob <EFFECT> clear ob, arm-empty, on-table ob, not holding ob <ACTION> stack <PRE> clear underob, holding ob <EFFECT> arm-empty, clear ob, on ob underob, not clear underob, not holding ob <ACTION> unstack <PRE> on ob underob, clear ob, arm-empty <EFFECT> holding ob, clear underob, not on ob underob, not clear ob, not arm-empty ", "unstack b1 b3,putdown b1,unstack b3 b6,putdown b3,unstack b6 b4,stack b6 b1,unstack b2 b9,stack b2 b4,unstack b8 b7,stack b8 b3,unstack b7 b10,stack b7 b2,unstack b10 b5,stack b10 b9,unstack b6 b1,stack b6 b5,pickup b1,stack b1 b7"
"Domain: blocksworld <GOAL> on b2 b1, on b3 b10, on b4 b2, on b5 b7, on b6 b4, on b8 b9, on b9 b5, on b10 b8 <INIT> arm-empty, on b1 b9, on b2 b6, on b3 b8, on b4 b3, on b5 b1, on b6 b5, on b7 b2, on b8 b7, on-table b9, on-table b10, clear b4, clear b10 <ACTION> pickup <PRE> clear ob, on-table ob, arm-empty <EFFECT> holding ob, not clear ob, not on-table ob, not arm-empty <ACTION> putdown <PRE> holding ob <EFFECT> clear ob, arm-empty, on-table ob, not holding ob <ACTION> stack <PRE> clear underob, holding ob <EFFECT> arm-empty, clear ob, on ob underob, not clear underob, not holding ob <ACTION> unstack <PRE> on ob underob, clear ob, arm-empty <EFFECT> holding ob, clear underob, not on ob underob, not clear ob, not arm-empty ", "unstack b4 b3,stack b4 b10,unstack b3 b8,putdown b3,unstack b8 b7,stack b8 b3,unstack b7 b2,putdown b7,unstack b2 b6,stack b2 b4,unstack b6 b5,stack b6 b8,unstack b5 b1,stack b5 b7,unstack b1 b9,putdown b1,unstack b2 b4,stack b2 b1,unstack b4 b10,stack b4 b2,unstack b6 b8,stack b6 b4,pickup b9,stack b9 b5,unstack b8 b3,stack b8 b9,pickup b10,stack b10 b8,pickup b3,stack b3 b10"
"Domain: blocksworld <GOAL> on b1 b7, on b2 b5, on b3 b4, on b4 b1, on b5 b9, on b6 b10, on b7 b8, on b8 b6, on b10 b2 <INIT> arm-empty, on b1 b2, on b2 b9, on b3 b4, on-table b4, on b5 b10, on b6 b1, on b7 b8, on b8 b6, on-table b9, on b10 b7, clear b3, clear b5 <ACTION> pickup <PRE> clear ob, on-table ob, arm-empty <EFFECT> holding ob, not clear ob, not on-table ob, not arm-empty <ACTION> putdown <PRE> holding ob <EFFECT> clear ob, arm-empty, on-table ob, not holding ob <ACTION> stack <PRE> clear underob, holding ob <EFFECT> arm-empty, clear ob, on ob underob, not clear underob, not holding ob <ACTION> unstack <PRE> on ob underob, clear ob, arm-empty <EFFECT> holding ob, clear underob, not on ob underob, not clear ob, not arm-empty ", "unstack b3 b4,putdown b3,unstack b5 b10,stack b5 b3,unstack b10 b7,stack b10 b4,unstack b7 b8,putdown b7,unstack b8 b6,stack b8 b7,unstack b6 b1,stack b6 b8,unstack b1 b2,putdown b1,unstack b2 b9,stack b2 b1,unstack b5 b3,stack b5 b9,unstack b2 b1,stack b2 b5,unstack b10 b4,stack b10 b2,unstack b6 b8,stack b6 b10,unstack b8 b7,stack b8 b6,pickup b7,stack b7 b8,pickup b1,stack b1 b7,pickup b4,stack b4 b1,pickup b3,stack b3 b4"
"Domain: blocksworld <GOAL> on b2 b4, on b3 b10, on b5 b2, on b6 b5, on b7 b6, on b8 b1, on b9 b3 <INIT> arm-empty, on-table b1, on b2 b6, on b3 b4, on b4 b2, on-table b5, on b6 b5, on-table b7, on b8 b10, on b9 b1, on b10 b9, clear b3, clear b7, clear b8 <ACTION> pickup <PRE> clear ob, on-table ob, arm-empty <EFFECT> holding ob, not clear ob, not on-table ob, not arm-empty <ACTION> putdown <PRE> holding ob <EFFECT> clear ob, arm-empty, on-table ob, not holding ob <ACTION> stack <PRE> clear underob, holding ob <EFFECT> arm-empty, clear ob, on ob underob, not clear underob, not holding ob <ACTION> unstack <PRE> on ob underob, clear ob, arm-empty <EFFECT> holding ob, clear underob, not on ob underob, not clear ob, not arm-empty ", "unstack b8 b10,stack b8 b7,unstack b10 b9,putdown b10,unstack b3 b4,stack b3 b10,unstack b4 b2,putdown b4,unstack b2 b6,stack b2 b4,unstack b6 b5,stack b6 b3,pickup b5,stack b5 b2,unstack b6 b3,stack b6 b5,unstack b9 b1,stack b9 b3,unstack b8 b7,stack b8 b1,pickup b7,stack b7 b6"
"Domain: blocksworld <GOAL> on b3 b1, on b5 b2, on b7 b9, on b9 b5, on b10 b4 <INIT> arm-empty, on-table b1, on b2 b10, on b3 b5, on-table b4, on b5 b7, on b6 b3, on-table b7, on-table b8, on b9 b1, on-table b10, clear b2, clear b4, clear b6, clear b8, clear b9 <ACTION> pickup <PRE> clear ob, on-table ob, arm-empty <EFFECT> holding ob, not clear ob, not on-table ob, not arm-empty <ACTION> putdown <PRE> holding ob <EFFECT> clear ob, arm-empty, on-table ob, not holding ob <ACTION> stack <PRE> clear underob, holding ob <EFFECT> arm-empty, clear ob, on ob underob, not clear underob, not holding ob <ACTION> unstack <PRE> on ob underob, clear ob, arm-empty <EFFECT> holding ob, clear underob, not on ob underob, not clear ob, not arm-empty ", "unstack b2 b10,putdown b2,unstack b6 b3,putdown b6,pickup b10,stack b10 b4,unstack b3 b5,stack b3 b6,unstack b5 b7,stack b5 b2,unstack b9 b1,stack b9 b5,unstack b3 b6,stack b3 b1,pickup b7,stack b7 b9"
"Domain: blocksworld <GOAL> on b1 b3, on b2 b9, on b3 b7, on b6 b1, on b7 b10, on b8 b4 <INIT> arm-empty, on b1 b6, on b2 b1, on-table b3, on-table b4, on b5 b4, on b6 b3, on b7 b5, on b8 b9, on b9 b10, on b10 b2, clear b7, clear b8 <ACTION> pickup <PRE> clear ob, on-table ob, arm-empty <EFFECT> holding ob, not clear ob, not on-table ob, not arm-empty <ACTION> putdown <PRE> holding ob <EFFECT> clear ob, arm-empty, on-table ob, not holding ob <ACTION> stack <PRE> clear underob, holding ob <EFFECT> arm-empty, clear ob, on ob underob, not clear underob, not holding ob <ACTION> unstack <PRE> on ob underob, clear ob, arm-empty <EFFECT> holding ob, clear underob, not on ob underob, not clear ob, not arm-empty ", "unstack b7 b5,putdown b7,unstack b5 b4,putdown b5,unstack b8 b9,stack b8 b4,unstack b9 b10,putdown b9,unstack b10 b2,putdown b10,unstack b2 b1,stack b2 b9,unstack b1 b6,stack b1 b5,unstack b6 b3,stack b6 b2,pickup b7,stack b7 b10,pickup b3,stack b3 b7,unstack b1 b5,stack b1 b3,unstack b6 b2,stack b6 b1"
"Domain: blocksworld <GOAL> on b3 b4, on b4 b5, on b5 b10, on b6 b9, on b7 b2, on b8 b6, on b9 b7 <INIT> arm-empty, on-table b1, on-table b2, on b3 b5, on b4 b7, on-table b5, on b6 b1, on b7 b6, on b8 b4, on b9 b10, on b10 b3, clear b2, clear b8, clear b9 <ACTION> pickup <PRE> clear ob, on-table ob, arm-empty <EFFECT> holding ob, not clear ob, not on-table ob, not arm-empty <ACTION> putdown <PRE> holding ob <EFFECT> clear ob, arm-empty, on-table ob, not holding ob <ACTION> stack <PRE> clear underob, holding ob <EFFECT> arm-empty, clear ob, on ob underob, not clear underob, not holding ob <ACTION> unstack <PRE> on ob underob, clear ob, arm-empty <EFFECT> holding ob, clear underob, not on ob underob, not clear ob, not arm-empty ", "unstack b8 b4,putdown b8,unstack b4 b7,stack b4 b8,unstack b7 b6,stack b7 b2,unstack b9 b10,stack b9 b7,unstack b10 b3,putdown b10,unstack b3 b5,stack b3 b6,pickup b5,stack b5 b10,unstack b4 b8,stack b4 b5,unstack b3 b6,stack b3 b4,unstack b6 b1,stack b6 b9,pickup b8,stack b8 b6"
"Domain: blocksworld <GOAL> on b2 b1, on b6 b9, on b8 b7, on b10 b3 <INIT> arm-empty, on b1 b9, on-table b2, on b3 b7, on b4 b2, on-table b5, on b6 b4, on b7 b6, on-table b8, on b9 b8, on-table b10, clear b1, clear b3, clear b5, clear b10 <ACTION> pickup <PRE> clear ob, on-table ob, arm-empty <EFFECT> holding ob, not clear ob, not on-table ob, not arm-empty <ACTION> putdown <PRE> holding ob <EFFECT> clear ob, arm-empty, on-table ob, not holding ob <ACTION> stack <PRE> clear underob, holding ob <EFFECT> arm-empty, clear ob, on ob underob, not clear underob, not holding ob <ACTION> unstack <PRE> on ob underob, clear ob, arm-empty <EFFECT> holding ob, clear underob, not on ob underob, not clear ob, not arm-empty ", "unstack b1 b9,putdown b1,unstack b3 b7,putdown b3,unstack b7 b6,putdown b7,unstack b9 b8,putdown b9,pickup b10,stack b10 b3,unstack b6 b4,stack b6 b9,unstack b4 b2,putdown b4,pickup b2,stack b2 b1,pickup b8,stack b8 b7"
"Domain: blocksworld <GOAL> on b1 b3, on b2 b4, on b3 b2, on b4 b8, on b5 b9, on b6 b10, on b7 b1, on b8 b6 <INIT> arm-empty, on b1 b6, on-table b2, on-table b3, on b4 b3, on b5 b1, on-table b6, on b7 b10, on b8 b2, on b9 b7, on-table b10, clear b4, clear b5, clear b8, clear b9 <ACTION> pickup <PRE> clear ob, on-table ob, arm-empty <EFFECT> holding ob, not clear ob, not on-table ob, not arm-empty <ACTION> putdown <PRE> holding ob <EFFECT> clear ob, arm-empty, on-table ob, not holding ob <ACTION> stack <PRE> clear underob, holding ob <EFFECT> arm-empty, clear ob, on ob underob, not clear underob, not holding ob <ACTION> unstack <PRE> on ob underob, clear ob, arm-empty <EFFECT> holding ob, clear underob, not on ob underob, not clear ob, not arm-empty ", "unstack b9 b7,putdown b9,unstack b5 b1,stack b5 b9,unstack b1 b6,stack b1 b5,unstack b7 b10,putdown b7,pickup b6,stack b6 b10,unstack b8 b2,stack b8 b6,unstack b4 b3,stack b4 b8,pickup b2,stack b2 b4,pickup b3,stack b3 b2,unstack b1 b5,stack b1 b3,pickup b7,stack b7 b1"
"Domain: blocksworld <GOAL> on b4 b7, on b6 b2, on b7 b9, on b8 b1, on b9 b10, on b10 b5 <INIT> arm-empty, on-table b1, on b2 b10, on-table b3, on b4 b3, on b5 b8, on b6 b5, on b7 b4, on b8 b7, on-table b9, on b10 b9, clear b1, clear b2, clear b6 <ACTION> pickup <PRE> clear ob, on-table ob, arm-empty <EFFECT> holding ob, not clear ob, not on-table ob, not arm-empty <ACTION> putdown <PRE> holding ob <EFFECT> clear ob, arm-empty, on-table ob, not holding ob <ACTION> stack <PRE> clear underob, holding ob <EFFECT> arm-empty, clear ob, on ob underob, not clear underob, not holding ob <ACTION> unstack <PRE> on ob underob, clear ob, arm-empty <EFFECT> holding ob, clear underob, not on ob underob, not clear ob, not arm-empty ", "unstack b2 b10,putdown b2,unstack b6 b5,stack b6 b2,unstack b5 b8,putdown b5,unstack b10 b9,stack b10 b5,unstack b8 b7,stack b8 b1,pickup b9,stack b9 b10,unstack b7 b4,stack b7 b9,unstack b4 b3,stack b4 b7"
"Domain: blocksworld <GOAL> on b1 b8, on b4 b7, on b5 b3, on b6 b5, on b8 b2, on b9 b1, on b10 b6 <INIT> arm-empty, on-table b1, on b2 b1, on b3 b2, on b4 b9, on b5 b6, on b6 b3, on-table b7, on b8 b7, on b9 b10, on b10 b8, clear b4, clear b5 <ACTION> pickup <PRE> clear ob, on-table ob, arm-empty <EFFECT> holding ob, not clear ob, not on-table ob, not arm-empty <ACTION> putdown <PRE> holding ob <EFFECT> clear ob, arm-empty, on-table ob, not holding ob <ACTION> stack <PRE> clear underob, holding ob <EFFECT> arm-empty, clear ob, on ob underob, not clear underob, not holding ob <ACTION> unstack <PRE> on ob underob, clear ob, arm-empty <EFFECT> holding ob, clear underob, not on ob underob, not clear ob, not arm-empty ", "unstack b4 b9,putdown b4,unstack b5 b6,stack b5 b4,unstack b6 b3,stack b6 b9,unstack b3 b2,putdown b3,unstack b2 b1,putdown b2,unstack b5 b4,stack b5 b3,unstack b6 b9,stack b6 b5,unstack b9 b10,stack b9 b4,unstack b10 b8,stack b10 b6,unstack b8 b7,stack b8 b2,pickup b1,stack b1 b8,unstack b9 b4,stack b9 b1,pickup b4,stack b4 b7"
"Domain: blocksworld <GOAL> on b1 b10, on b3 b7, on b4 b8, on b5 b6, on b6 b2, on b9 b1, on b10 b5 <INIT> arm-empty, on b1 b4, on-table b2, on-table b3, on b4 b5, on b5 b2, on b6 b7, on b7 b10, on b8 b3, on-table b9, on b10 b8, on-table b11, clear b1, clear b6, clear b9, clear b11 <ACTION> pickup <PRE> clear ob, on-table ob, arm-empty <EFFECT> holding ob, not clear ob, not on-table ob, not arm-empty <ACTION> putdown <PRE> holding ob <EFFECT> clear ob, arm-empty, on-table ob, not holding ob <ACTION> stack <PRE> clear underob, holding ob <EFFECT> arm-empty, clear ob, on ob underob, not clear underob, not holding ob <ACTION> unstack <PRE> on ob underob, clear ob, arm-empty <EFFECT> holding ob, clear underob, not on ob underob, not clear ob, not arm-empty ", "unstack b1 b4,stack b1 b11,unstack b4 b5,stack b4 b1,unstack b5 b2,stack b5 b4,unstack b6 b7,stack b6 b2,unstack b7 b10,putdown b7,unstack b5 b4,stack b5 b6,unstack b10 b8,stack b10 b5,unstack b8 b3,putdown b8,pickup b3,stack b3 b7,unstack b4 b1,stack b4 b8,unstack b1 b11,stack b1 b10,pickup b9,stack b9 b1"
"Domain: blocksworld <GOAL> on b1 b6, on b2 b11, on b3 b4, on b4 b8, on b5 b2, on b6 b7, on b7 b9, on b8 b5, on b10 b3 <INIT> arm-empty, on-table b1, on b2 b8, on b3 b9, on b4 b11, on b5 b3, on b6 b1, on b7 b2, on b8 b10, on-table b9, on-table b10, on b11 b5, clear b4, clear b6, clear b7 <ACTION> pickup <PRE> clear ob, on-table ob, arm-empty <EFFECT> holding ob, not clear ob, not on-table ob, not arm-empty <ACTION> putdown <PRE> holding ob <EFFECT> clear ob, arm-empty, on-table ob, not holding ob <ACTION> stack <PRE> clear underob, holding ob <EFFECT> arm-empty, clear ob, on ob underob, not clear underob, not holding ob <ACTION> unstack <PRE> on ob underob, clear ob, arm-empty <EFFECT> holding ob, clear underob, not on ob underob, not clear ob, not arm-empty ", "unstack b4 b11,stack b4 b6,unstack b11 b5,putdown b11,unstack b7 b2,putdown b7,unstack b2 b8,stack b2 b11,unstack b5 b3,stack b5 b2,unstack b8 b10,stack b8 b5,unstack b4 b6,stack b4 b8,unstack b3 b9,stack b3 b4,pickup b10,stack b10 b3,pickup b7,stack b7 b9,unstack b6 b1,stack b6 b7,pickup b1,stack b1 b6"
"Domain: blocksworld <GOAL> on b1 b3, on b2 b5, on b4 b8, on b5 b4, on b6 b2, on b7 b9, on b8 b11, on b10 b7 <INIT> arm-empty, on b1 b10, on b2 b3, on b3 b9, on b4 b1, on-table b5, on-table b6, on b7 b4, on-table b8, on b9 b7, on b10 b6, on b11 b2, clear b5, clear b8, clear b11 <ACTION> pickup <PRE> clear ob, on-table ob, arm-empty <EFFECT> holding ob, not clear ob, not on-table ob, not arm-empty <ACTION> putdown <PRE> holding ob <EFFECT> clear ob, arm-empty, on-table ob, not holding ob <ACTION> stack <PRE> clear underob, holding ob <EFFECT> arm-empty, clear ob, on ob underob, not clear underob, not holding ob <ACTION> unstack <PRE> on ob underob, clear ob, arm-empty <EFFECT> holding ob, clear underob, not on ob underob, not clear ob, not arm-empty ", "unstack b11 b2,putdown b11,unstack b2 b3,putdown b2,unstack b3 b9,putdown b3,unstack b9 b7,putdown b9,unstack b7 b4,stack b7 b9,pickup b8,stack b8 b11,unstack b4 b1,stack b4 b8,unstack b1 b10,stack b1 b3,unstack b10 b6,stack b10 b7,pickup b5,stack b5 b4,pickup b2,stack b2 b5,pickup b6,stack b6 b2"
"Domain: blocksworld <GOAL> on b2 b3, on b3 b7, on b7 b5, on b9 b1, on b10 b6, on b11 b10 <INIT> arm-empty, on-table b1, on-table b2, on b3 b7, on b4 b5, on b5 b8, on b6 b11, on b7 b10, on b8 b1, on-table b9, on b10 b2, on b11 b9, clear b3, clear b4, clear b6 <ACTION> pickup <PRE> clear ob, on-table ob, arm-empty <EFFECT> holding ob, not clear ob, not on-table ob, not arm-empty <ACTION> putdown <PRE> holding ob <EFFECT> clear ob, arm-empty, on-table ob, not holding ob <ACTION> stack <PRE> clear underob, holding ob <EFFECT> arm-empty, clear ob, on ob underob, not clear underob, not holding ob <ACTION> unstack <PRE> on ob underob, clear ob, arm-empty <EFFECT> holding ob, clear underob, not on ob underob, not clear ob, not arm-empty ", "unstack b4 b5,putdown b4,unstack b5 b8,putdown b5,unstack b6 b11,putdown b6,unstack b8 b1,putdown b8,unstack b3 b7,stack b3 b1,unstack b7 b10,stack b7 b5,unstack b10 b2,stack b10 b6,unstack b11 b9,stack b11 b10,unstack b3 b1,stack b3 b7,pickup b2,stack b2 b3,pickup b9,stack b9 b1"
"Domain: blocksworld <GOAL> on b1 b8, on b2 b5, on b3 b6, on b6 b4, on b7 b1, on b8 b2, on b10 b9, on b11 b10 <INIT> arm-empty, on b1 b9, on b2 b3, on b3 b8, on b4 b5, on b5 b11, on-table b6, on b7 b10, on b8 b1, on-table b9, on-table b10, on-table b11, clear b2, clear b4, clear b6, clear b7 <ACTION> pickup <PRE> clear ob, on-table ob, arm-empty <EFFECT> holding ob, not clear ob, not on-table ob, not arm-empty <ACTION> putdown <PRE> holding ob <EFFECT> clear ob, arm-empty, on-table ob, not holding ob <ACTION> stack <PRE> clear underob, holding ob <EFFECT> arm-empty, clear ob, on ob underob, not clear underob, not holding ob <ACTION> unstack <PRE> on ob underob, clear ob, arm-empty <EFFECT> holding ob, clear underob, not on ob underob, not clear ob, not arm-empty ", "unstack b4 b5,putdown b4,unstack b5 b11,putdown b5,unstack b2 b3,stack b2 b5,pickup b6,stack b6 b4,unstack b3 b8,stack b3 b6,unstack b8 b1,stack b8 b2,unstack b1 b9,stack b1 b8,unstack b7 b10,stack b7 b1,pickup b10,stack b10 b9,pickup b11,stack b11 b10"
"Domain: blocksworld <GOAL> on b3 b6, on b4 b7, on b6 b4, on b7 b1, on b8 b3, on b9 b2, on b10 b5 <INIT> arm-empty, on b1 b8, on-table b2, on b3 b5, on b4 b2, on b5 b11, on b6 b3, on b7 b6, on b8 b7, on-table b9, on b10 b4, on b11 b10, clear b1, clear b9 <ACTION> pickup <PRE> clear ob, on-table ob, arm-empty <EFFECT> holding ob, not clear ob, not on-table ob, not arm-empty <ACTION> putdown <PRE> holding ob <EFFECT> clear ob, arm-empty, on-table ob, not holding ob <ACTION> stack <PRE> clear underob, holding ob <EFFECT> arm-empty, clear ob, on ob underob, not clear underob, not holding ob <ACTION> unstack <PRE> on ob underob, clear ob, arm-empty <EFFECT> holding ob, clear underob, not on ob underob, not clear ob, not arm-empty ", "unstack b1 b8,putdown b1,unstack b8 b7,stack b8 b9,unstack b7 b6,stack b7 b1,unstack b6 b3,stack b6 b8,unstack b3 b5,putdown b3,unstack b5 b11,putdown b5,unstack b11 b10,putdown b11,unstack b10 b4,stack b10 b5,unstack b4 b2,stack b4 b7,unstack b6 b8,stack b6 b4,pickup b3,stack b3 b6,unstack b8 b9,stack b8 b3,pickup b9,stack b9 b2"
"Domain: blocksworld <GOAL> on b1 b4, on b2 b8, on b6 b1, on b10 b6, on b11 b2 <INIT> arm-empty, on b1 b9, on b2 b11, on b3 b4, on-table b4, on b5 b10, on b6 b2, on-table b7, on-table b8, on b9 b8, on-table b10, on b11 b7, clear b1, clear b3, clear b5, clear b6 <ACTION> pickup <PRE> clear ob, on-table ob, arm-empty <EFFECT> holding ob, not clear ob, not on-table ob, not arm-empty <ACTION> putdown <PRE> holding ob <EFFECT> clear ob, arm-empty, on-table ob, not holding ob <ACTION> stack <PRE> clear underob, holding ob <EFFECT> arm-empty, clear ob, on ob underob, not clear underob, not holding ob <ACTION> unstack <PRE> on ob underob, clear ob, arm-empty <EFFECT> holding ob, clear underob, not on ob underob, not clear ob, not arm-empty ", "unstack b3 b4,putdown b3,unstack b5 b10,putdown b5,unstack b1 b9,stack b1 b4,unstack b9 b8,putdown b9,unstack b6 b2,stack b6 b1,pickup b10,stack b10 b6,unstack b2 b11,stack b2 b8,unstack b11 b7,stack b11 b2"
"Domain: blocksworld <GOAL> on b1 b10, on b3 b6, on b4 b11, on b5 b2, on b7 b9, on b8 b5, on b11 b3 <INIT> arm-empty, on b1 b9, on-table b2, on b3 b7, on b4 b1, on b5 b11, on-table b6, on-table b7, on-table b8, on b9 b3, on b10 b6, on b11 b4, clear b2, clear b5, clear b8, clear b10 <ACTION> pickup <PRE> clear ob, on-table ob, arm-empty <EFFECT> holding ob, not clear ob, not on-table ob, not arm-empty <ACTION> putdown <PRE> holding ob <EFFECT> clear ob, arm-empty, on-table ob, not holding ob <ACTION> stack <PRE> clear underob, holding ob <EFFECT> arm-empty, clear ob, on ob underob, not clear underob, not holding ob <ACTION> unstack <PRE> on ob underob, clear ob, arm-empty <EFFECT> holding ob, clear underob, not on ob underob, not clear ob, not arm-empty ", "unstack b10 b6,putdown b10,unstack b5 b11,stack b5 b2,unstack b11 b4,stack b11 b5,unstack b4 b1,stack b4 b8,unstack b1 b9,stack b1 b10,unstack b9 b3,putdown b9,unstack b3 b7,stack b3 b6,unstack b11 b5,stack b11 b3,unstack b4 b8,stack b4 b11,pickup b7,stack b7 b9,pickup b8,stack b8 b5"
"Domain: blocksworld <GOAL> on b1 b10, on b3 b1, on b4 b7, on b6 b4, on b8 b6, on b10 b8, on b11 b9 <INIT> arm-empty, on-table b1, on b2 b5, on-table b3, on b4 b2, on-table b5, on b6 b7, on b7 b4, on b8 b6, on b9 b3, on b10 b1, on-table b11, clear b8, clear b9, clear b10, clear b11 <ACTION> pickup <PRE> clear ob, on-table ob, arm-empty <EFFECT> holding ob, not clear ob, not on-table ob, not arm-empty <ACTION> putdown <PRE> holding ob <EFFECT> clear ob, arm-empty, on-table ob, not holding ob <ACTION> stack <PRE> clear underob, holding ob <EFFECT> arm-empty, clear ob, on ob underob, not clear underob, not holding ob <ACTION> unstack <PRE> on ob underob, clear ob, arm-empty <EFFECT> holding ob, clear underob, not on ob underob, not clear ob, not arm-empty ", "unstack b9 b3,putdown b9,pickup b11,stack b11 b9,unstack b8 b6,stack b8 b10,unstack b6 b7,stack b6 b11,unstack b7 b4,putdown b7,unstack b4 b2,stack b4 b7,unstack b6 b11,stack b6 b4,unstack b8 b10,stack b8 b6,unstack b10 b1,stack b10 b8,pickup b1,stack b1 b10,pickup b3,stack b3 b1"
"Domain: blocksworld <GOAL> on b1 b3, on b4 b7, on b5 b9, on b7 b8, on b9 b2, on b10 b6, on b11 b5 <INIT> arm-empty, on-table b1, on b2 b3, on b3 b9, on b4 b10, on-table b5, on b6 b2, on-table b7, on b8 b11, on b9 b8, on b10 b7, on b11 b1, clear b4, clear b5, clear b6 <ACTION> pickup <PRE> clear ob, on-table ob, arm-empty <EFFECT> holding ob, not clear ob, not on-table ob, not arm-empty <ACTION> putdown <PRE> holding ob <EFFECT> clear ob, arm-empty, on-table ob, not holding ob <ACTION> stack <PRE> clear underob, holding ob <EFFECT> arm-empty, clear ob, on ob underob, not clear underob, not holding ob <ACTION> unstack <PRE> on ob underob, clear ob, arm-empty <EFFECT> holding ob, clear underob, not on ob underob, not clear ob, not arm-empty ", "unstack b6 b2,putdown b6,unstack b2 b3,putdown b2,unstack b3 b9,putdown b3,unstack b4 b10,stack b4 b3,unstack b10 b7,stack b10 b6,unstack b9 b8,stack b9 b2,unstack b8 b11,putdown b8,pickup b5,stack b5 b9,unstack b11 b1,stack b11 b5,pickup b7,stack b7 b8,unstack b4 b3,stack b4 b7,pickup b1,stack b1 b3"
"Domain: blocksworld <GOAL> on b3 b1, on b4 b8, on b5 b6, on b6 b4, on b10 b9, on b11 b7 <INIT> arm-empty, on b1 b5, on-table b2, on b3 b6, on b4 b8, on-table b5, on b6 b10, on b7 b3, on b8 b1, on b9 b2, on b10 b11, on-table b11, clear b4, clear b7, clear b9 <ACTION> pickup <PRE> clear ob, on-table ob, arm-empty <EFFECT> holding ob, not clear ob, not on-table ob, not arm-empty <ACTION> putdown <PRE> holding ob <EFFECT> clear ob, arm-empty, on-table ob, not holding ob <ACTION> stack <PRE> clear underob, holding ob <EFFECT> arm-empty, clear ob, on ob underob, not clear underob, not holding ob <ACTION> unstack <PRE> on ob underob, clear ob, arm-empty <EFFECT> holding ob, clear underob, not on ob underob, not clear ob, not arm-empty ", "unstack b7 b3,putdown b7,unstack b4 b8,stack b4 b7,unstack b8 b1,putdown b8,unstack b1 b5,putdown b1,unstack b3 b6,stack b3 b1,unstack b4 b7,stack b4 b8,unstack b6 b10,stack b6 b4,unstack b10 b11,stack b10 b9,pickup b11,stack b11 b7,pickup b5,stack b5 b6"
"Domain: blocksworld <GOAL> on b2 b5, on b3 b6, on b4 b11, on b5 b4, on b6 b9, on b7 b1, on b11 b10 <INIT> arm-empty, on b1 b11, on b2 b6, on b3 b10, on b4 b1, on b5 b9, on b6 b3, on-table b7, on-table b8, on b9 b7, on-table b10, on b11 b2, clear b4, clear b5, clear b8 <ACTION> pickup <PRE> clear ob, on-table ob, arm-empty <EFFECT> holding ob, not clear ob, not on-table ob, not arm-empty <ACTION> putdown <PRE> holding ob <EFFECT> clear ob, arm-empty, on-table ob, not holding ob <ACTION> stack <PRE> clear underob, holding ob <EFFECT> arm-empty, clear ob, on ob underob, not clear underob, not holding ob <ACTION> unstack <PRE> on ob underob, clear ob, arm-empty <EFFECT> holding ob, clear underob, not on ob underob, not clear ob, not arm-empty ", "unstack b4 b1,stack b4 b8,unstack b1 b11,putdown b1,unstack b11 b2,stack b11 b1,unstack b2 b6,putdown b2,unstack b5 b9,stack b5 b2,unstack b9 b7,putdown b9,unstack b6 b3,stack b6 b9,unstack b3 b10,stack b3 b6,unstack b11 b1,stack b11 b10,unstack b4 b8,stack b4 b11,unstack b5 b2,stack b5 b4,pickup b2,stack b2 b5,pickup b7,stack b7 b1"
"Domain: blocksworld <GOAL> on b5 b9, on b6 b10, on b7 b1, on b8 b4, on b9 b6, on b10 b2, on b11 b8 <INIT> arm-empty, on b1 b5, on b2 b4, on-table b3, on-table b4, on b5 b10, on b6 b1, on b7 b2, on-table b8, on b9 b11, on b10 b7, on-table b11, clear b3, clear b6, clear b8, clear b9 <ACTION> pickup <PRE> clear ob, on-table ob, arm-empty <EFFECT> holding ob, not clear ob, not on-table ob, not arm-empty <ACTION> putdown <PRE> holding ob <EFFECT> clear ob, arm-empty, on-table ob, not holding ob <ACTION> stack <PRE> clear underob, holding ob <EFFECT> arm-empty, clear ob, on ob underob, not clear underob, not holding ob <ACTION> unstack <PRE> on ob underob, clear ob, arm-empty <EFFECT> holding ob, clear underob, not on ob underob, not clear ob, not arm-empty ", "unstack b6 b1,stack b6 b3,unstack b1 b5,putdown b1,unstack b5 b10,stack b5 b8,unstack b10 b7,stack b10 b5,unstack b7 b2,stack b7 b1,unstack b2 b4,putdown b2,unstack b10 b5,stack b10 b2,unstack b6 b3,stack b6 b10,unstack b9 b11,stack b9 b6,unstack b5 b8,stack b5 b9,pickup b8,stack b8 b4,pickup b11,stack b11 b8"
"Domain: blocksworld <GOAL> on b2 b4, on b3 b9, on b4 b1, on b5 b3, on b6 b10, on b7 b8, on b8 b6, on b11 b5 <INIT> arm-empty, on-table b1, on b2 b6, on b3 b7, on-table b4, on b5 b4, on b6 b11, on b7 b10, on b8 b2, on b9 b1, on-table b10, on-table b11, clear b3, clear b5, clear b8, clear b9 <ACTION> pickup <PRE> clear ob, on-table ob, arm-empty <EFFECT> holding ob, not clear ob, not on-table ob, not arm-empty <ACTION> putdown <PRE> holding ob <EFFECT> clear ob, arm-empty, on-table ob, not holding ob <ACTION> stack <PRE> clear underob, holding ob <EFFECT> arm-empty, clear ob, on ob underob, not clear underob, not holding ob <ACTION> unstack <PRE> on ob underob, clear ob, arm-empty <EFFECT> holding ob, clear underob, not on ob underob, not clear ob, not arm-empty ", "unstack b9 b1,putdown b9,unstack b3 b7,stack b3 b9,unstack b5 b4,stack b5 b3,pickup b4,stack b4 b1,unstack b7 b10,stack b7 b5,unstack b8 b2,stack b8 b7,unstack b2 b6,stack b2 b4,unstack b6 b11,stack b6 b10,unstack b8 b7,stack b8 b6,unstack b7 b5,stack b7 b8,pickup b11,stack b11 b5"
"Domain: blocksworld <GOAL> on b1 b11, on b3 b7, on b4 b9, on b6 b1, on b7 b10, on b8 b5, on b9 b6, on b11 b2 <INIT> arm-empty, on b1 b8, on b2 b3, on b3 b7, on-table b4, on-table b5, on b6 b2, on b7 b1, on b8 b4, on b9 b10, on b10 b6, on-table b11, clear b5, clear b9, clear b11 <ACTION> pickup <PRE> clear ob, on-table ob, arm-empty <EFFECT> holding ob, not clear ob, not on-table ob, not arm-empty <ACTION> putdown <PRE> holding ob <EFFECT> clear ob, arm-empty, on-table ob, not holding ob <ACTION> stack <PRE> clear underob, holding ob <EFFECT> arm-empty, clear ob, on ob underob, not clear underob, not holding ob <ACTION> unstack <PRE> on ob underob, clear ob, arm-empty <EFFECT> holding ob, clear underob, not on ob underob, not clear ob, not arm-empty ", "unstack b9 b10,stack b9 b5,unstack b10 b6,putdown b10,unstack b6 b2,stack b6 b9,unstack b2 b3,putdown b2,pickup b11,stack b11 b2,unstack b3 b7,stack b3 b11,unstack b7 b1,stack b7 b10,unstack b3 b11,stack b3 b7,unstack b1 b8,stack b1 b11,unstack b6 b9,stack b6 b1,unstack b9 b5,stack b9 b6,unstack b8 b4,stack b8 b5,pickup b4,stack b4 b9"
"Domain: blocksworld <GOAL> on b2 b7, on b3 b4, on b5 b2, on b6 b3, on b7 b11, on b8 b9, on b10 b8, on b11 b6 <INIT> arm-empty, on b1 b7, on b2 b9, on b3 b11, on-table b4, on b5 b2, on-table b6, on b7 b8, on b8 b10, on-table b9, on-table b10, on b11 b5, clear b1, clear b3, clear b4, clear b6 <ACTION> pickup <PRE> clear ob, on-table ob, arm-empty <EFFECT> holding ob, not clear ob, not on-table ob, not arm-empty <ACTION> putdown <PRE> holding ob <EFFECT> clear ob, arm-empty, on-table ob, not holding ob <ACTION> stack <PRE> clear underob, holding ob <EFFECT> arm-empty, clear ob, on ob underob, not clear underob, not holding ob <ACTION> unstack <PRE> on ob underob, clear ob, arm-empty <EFFECT> holding ob, clear underob, not on ob underob, not clear ob, not arm-empty ", "unstack b1 b7,putdown b1,unstack b3 b11,stack b3 b4,pickup b6,stack b6 b3,unstack b11 b5,stack b11 b6,unstack b5 b2,stack b5 b1,unstack b7 b8,stack b7 b11,unstack b2 b9,stack b2 b7,unstack b5 b1,stack b5 b2,unstack b8 b10,stack b8 b9,pickup b10,stack b10 b8"
"Domain: blocksworld <GOAL> on b1 b10, on b2 b5, on b3 b7, on b5 b4, on b6 b8, on b8 b11, on b9 b2 <INIT> arm-empty, on b1 b9, on b2 b6, on-table b3, on b4 b5, on b5 b1, on b6 b10, on b7 b8, on-table b8, on b9 b3, on-table b10, on b11 b7, clear b2, clear b4, clear b11 <ACTION> pickup <PRE> clear ob, on-table ob, arm-empty <EFFECT> holding ob, not clear ob, not on-table ob, not arm-empty <ACTION> putdown <PRE> holding ob <EFFECT> clear ob, arm-empty, on-table ob, not holding ob <ACTION> stack <PRE> clear underob, holding ob <EFFECT> arm-empty, clear ob, on ob underob, not clear underob, not holding ob <ACTION> unstack <PRE> on ob underob, clear ob, arm-empty <EFFECT> holding ob, clear underob, not on ob underob, not clear ob, not arm-empty ", "unstack b11 b7,putdown b11,unstack b4 b5,putdown b4,unstack b7 b8,putdown b7,unstack b5 b1,stack b5 b4,unstack b2 b6,stack b2 b5,pickup b8,stack b8 b11,unstack b6 b10,stack b6 b8,unstack b1 b9,stack b1 b10,unstack b9 b3,stack b9 b2,pickup b3,stack b3 b7"
"Domain: blocksworld <GOAL> on b2 b9, on b4 b7, on b6 b10, on b8 b5, on b9 b1, on b10 b4, on b11 b3 <INIT> arm-empty, on b1 b7, on b2 b10, on b3 b4, on b4 b8, on b5 b1, on-table b6, on b7 b9, on-table b8, on b9 b3, on b10 b5, on b11 b2, clear b6, clear b11 <ACTION> pickup <PRE> clear ob, on-table ob, arm-empty <EFFECT> holding ob, not clear ob, not on-table ob, not arm-empty <ACTION> putdown <PRE> holding ob <EFFECT> clear ob, arm-empty, on-table ob, not holding ob <ACTION> stack <PRE> clear underob, holding ob <EFFECT> arm-empty, clear ob, on ob underob, not clear underob, not holding ob <ACTION> unstack <PRE> on ob underob, clear ob, arm-empty <EFFECT> holding ob, clear underob, not on ob underob, not clear ob, not arm-empty ", "unstack b11 b2,stack b11 b6,unstack b2 b10,stack b2 b11,unstack b10 b5,stack b10 b2,unstack b5 b1,putdown b5,unstack b1 b7,putdown b1,unstack b7 b9,putdown b7,unstack b9 b3,stack b9 b1,unstack b3 b4,putdown b3,unstack b4 b8,stack b4 b7,unstack b10 b2,stack b10 b4,unstack b2 b11,stack b2 b9,unstack b11 b6,stack b11 b3,pickup b6,stack b6 b10,pickup b8,stack b8 b5"
"Domain: blocksworld <GOAL> on b2 b11, on b3 b9, on b4 b3, on b5 b8, on b7 b6, on b10 b5 <INIT> arm-empty, on b1 b3, on b2 b6, on b3 b2, on b4 b8, on-table b5, on-table b6, on b7 b11, on b8 b7, on b9 b1, on-table b10, on b11 b5, clear b4, clear b9, clear b10 <ACTION> pickup <PRE> clear ob, on-table ob, arm-empty <EFFECT> holding ob, not clear ob, not on-table ob, not arm-empty <ACTION> putdown <PRE> holding ob <EFFECT> clear ob, arm-empty, on-table ob, not holding ob <ACTION> stack <PRE> clear underob, holding ob <EFFECT> arm-empty, clear ob, on ob underob, not clear underob, not holding ob <ACTION> unstack <PRE> on ob underob, clear ob, arm-empty <EFFECT> holding ob, clear underob, not on ob underob, not clear ob, not arm-empty ", "unstack b9 b1,putdown b9,unstack b1 b3,putdown b1,unstack b3 b2,stack b3 b9,unstack b2 b6,stack b2 b1,unstack b4 b8,stack b4 b3,unstack b8 b7,putdown b8,unstack b7 b11,stack b7 b6,unstack b11 b5,putdown b11,unstack b2 b1,stack b2 b11,pickup b5,stack b5 b8,pickup b10,stack b10 b5"
"Domain: blocksworld <GOAL> on b2 b3, on b4 b9, on b6 b11, on b7 b1, on b9 b2, on b10 b4, on b11 b10 <INIT> arm-empty, on b1 b7, on-table b2, on b3 b8, on-table b4, on b5 b4, on b6 b2, on b7 b6, on b8 b1, on-table b9, on b10 b11, on-table b11, clear b3, clear b5, clear b9, clear b10 <ACTION> pickup <PRE> clear ob, on-table ob, arm-empty <EFFECT> holding ob, not clear ob, not on-table ob, not arm-empty <ACTION> putdown <PRE> holding ob <EFFECT> clear ob, arm-empty, on-table ob, not holding ob <ACTION> stack <PRE> clear underob, holding ob <EFFECT> arm-empty, clear ob, on ob underob, not clear underob, not holding ob <ACTION> unstack <PRE> on ob underob, clear ob, arm-empty <EFFECT> holding ob, clear underob, not on ob underob, not clear ob, not arm-empty ", "unstack b3 b8,putdown b3,unstack b5 b4,putdown b5,unstack b8 b1,putdown b8,unstack b1 b7,putdown b1,unstack b7 b6,stack b7 b1,unstack b6 b2,stack b6 b5,pickup b2,stack b2 b3,pickup b9,stack b9 b2,pickup b4,stack b4 b9,unstack b10 b11,stack b10 b4,pickup b11,stack b11 b10,unstack b6 b5,stack b6 b11"